num_workers,pin_memory,prefetch_factor,use_prefetch,throughput,initial_memory_mb,final_memory_mb,memory_increase_mb,elapsed_time
2,True,2,False,3.202938034395465,5569,16323,10754,62.4426691532135
2,True,2,False,3.2390421816285513,17849,16347,-1502,61.74664878845215
2,True,2,True,3.2597071398833948,17873,16347,-1526,61.355205059051514
2,True,2,True,3.267845465174355,17873,16347,-1526,61.202404499053955
