num_workers,pin_memory,prefetch_factor,use_prefetch,throughput,initial_memory_mb,final_memory_mb,memory_increase_mb,elapsed_time
2,True,2,False,3.6146336397484555,5317,16323,11006,138.32660508155823
2,True,2,False,3.6629851152716117,17849,16347,-1502,136.50069117546082
2,True,2,True,3.6724036462822633,17873,16347,-1526,136.1506109237671
2,True,2,True,3.665865281877144,17873,16347,-1526,136.3934464454651
