num_workers,pin_memory,prefetch_factor,use_prefetch,throughput,initial_memory_mb,final_memory_mb,memory_increase_mb,elapsed_time
8,True,2,False,33.68034450846329,4821,14393,9572,71.25817847251892
8,True,4,False,34.22359383797748,15673,15673,0,70.12705945968628
8,True,8,False,34.2246381440156,15673,15673,0,70.12491965293884
8,True,2,True,34.25789888333899,15673,15673,0,70.05683588981628
8,True,4,True,34.25446200887185,15673,15673,0,70.06386494636536
8,True,8,True,34.246285854880334,15673,15673,0,70.08059239387512
